{"G_Feat_L2": 88.91879272460938, "G_GAN": 3.101874351501465, "G_GAN_Feat": 14.326238632202148, "G_VGG": 9.645013809204102, "D_real": 2.103050470352173, "D_fake": 1.7148869037628174, "_timestamp": 1718843718.4830608, "_runtime": 214.16573882102966, "_step": 1000, "generated_images": {"_type": "images/separated", "width": 1280, "height": 768, "format": "png", "count": 1, "filenames": ["media/images/generated_images_1000_5ea09d8ed01ad93c011d.png"]}, "_wandb": {"runtime": 220}}