{"G_Feat_L2": 83.13526153564453, "G_GAN": 1.0941500663757324, "G_GAN_Feat": 17.664569854736328, "G_VGG": 8.841200828552246, "D_real": 0.4566013813018799, "D_fake": 0.3324894905090332, "_timestamp": 1718850046.208742, "_runtime": 4400.937961816788, "_step": 5600, "generated_images": {"_type": "images/separated", "width": 1280, "height": 768, "format": "png", "count": 1, "filenames": ["media/images/generated_images_5600_335a73765988a1e3df46.png"]}, "_wandb": {"runtime": 4507}}