{"G_GAN": 1.2239069938659668, "G_GAN_Feat": 5.092987537384033, "G_VGG": 7.652426242828369, "G_KL": 0.6798601150512695, "D_real": 0.4430173635482788, "D_fake": 0.17444102466106415, "_timestamp": 1718592925.5517557, "learning_rate": 4.000000000000372e-06, "generated_images": {"_type": "images/separated", "width": 1280, "height": 768, "format": "png", "count": 1, "filenames": ["media/images/generated_images_35820_d215a188fa1d6147ef17.png"]}, "_runtime": 3492.653322696686, "_step": 35820, "_wandb": {"runtime": 3630}}