{"G_Feat_L2": 84.82404327392578, "G_GAN": 1.2261223793029785, "G_GAN_Feat": 15.622458457946777, "G_VGG": 8.969137191772461, "D_real": 0.9544875621795654, "D_fake": 1.0530729293823242, "_timestamp": 1718844434.7029243, "_runtime": 615.847498178482, "_step": 800, "generated_images": {"_type": "images/separated", "width": 1280, "height": 768, "format": "png", "count": 1, "filenames": ["media/images/generated_images_800_48b289a6eddb1878778a.png"]}, "_wandb": {"runtime": 789}}